player,team,shots,goals,shots_on_target,passes,pass_completions,pass_accuracy,pressures,dribble_attempts,dribble_success,dribble_rate,ball_recoveries,conversion_rate,shot_accuracy
Aaron Cresswell,West Ham United,2.0,0.0,1.0,140.0,92.0,65.7,34.0,5.0,4.0,80.0,18.0,0.0,50.0
Aaron Lennon,Everton,1.0,0.0,0.0,79.0,64.0,81.0,73.0,8.0,4.0,50.0,11.0,0.0,0.0
Aaron Ramsey,Arsenal,33.0,3.0,11.0,777.0,665.0,85.6,257.0,24.0,15.0,62.5,87.0,9.1,33.3
Abdul Rahman Baba,Chelsea,0.0,0.0,0.0,188.0,151.0,80.3,69.0,1.0,1.0,100.0,17.0,0.0,0.0
Adam David Lallana,Liverpool,12.0,0.0,5.0,307.0,240.0,78.2,168.0,15.0,9.0,60.0,40.0,0.0,41.7
Adam Federici,AFC Bournemouth,0.0,0.0,0.0,29.0,22.0,75.9,0.0,0.0,0.0,0.0,4.0,0.0,0.0
Adam Johnson,Sunderland,3.0,0.0,0.0,142.0,105.0,73.9,23.0,5.0,3.0,60.0,18.0,0.0,0.0
Adam Smith,AFC Bournemouth,2.0,0.0,0.0,203.0,153.0,75.4,108.0,13.0,8.0,61.5,12.0,0.0,0.0
Adama Traoré Diarra,Aston Villa,1.0,0.0,0.0,5.0,4.0,80.0,5.0,4.0,1.0,25.0,3.0,0.0,0.0
Adnan Januzaj,Manchester United,4.0,1.0,1.0,45.0,36.0,80.0,28.0,10.0,5.0,50.0,8.0,25.0,25.0
Adrian Mariappa,Crystal Palace,0.0,0.0,0.0,36.0,30.0,83.3,11.0,2.0,1.0,50.0,5.0,0.0,0.0
Adrián San Miguel del Castillo,West Ham United,0.0,0.0,0.0,67.0,25.0,37.3,1.0,0.0,0.0,0.0,10.0,0.0,0.0
Alan Hutton,Aston Villa,4.0,0.0,1.0,247.0,178.0,72.1,62.0,3.0,0.0,0.0,27.0,0.0,25.0
Alberto Moreno Pérez,Liverpool,5.0,0.0,2.0,637.0,499.0,78.3,157.0,19.0,8.0,42.1,53.0,0.0,40.0
Aleksandar Kolarov,Manchester City,16.0,1.0,4.0,739.0,572.0,77.4,91.0,11.0,8.0,72.7,68.0,6.2,25.0
Aleksandar Mitrović,Newcastle United,13.0,2.0,4.0,114.0,75.0,65.8,72.0,6.0,3.0,50.0,15.0,15.4,30.8
Alex Iwobi,Arsenal,0.0,0.0,0.0,11.0,8.0,72.7,3.0,0.0,0.0,0.0,0.0,0.0,0.0
Alex McCarthy,Crystal Palace,0.0,0.0,0.0,38.0,10.0,26.3,0.0,0.0,0.0,0.0,8.0,0.0,0.0
Alex Oxlade-Chamberlain,Arsenal,8.0,0.0,2.0,158.0,117.0,74.1,63.0,19.0,12.0,63.2,21.0,0.0,25.0
Alexander Banor Tettey,Norwich City,5.0,1.0,1.0,216.0,175.0,81.0,100.0,6.0,4.0,66.7,25.0,20.0,20.0
Alexandre Dimitri Song-Billong,West Ham United,0.0,0.0,0.0,32.0,27.0,84.4,26.0,2.0,2.0,100.0,8.0,0.0,0.0
Alexis Alejandro Sánchez Sánchez,Arsenal,40.0,8.0,12.0,489.0,379.0,77.5,139.0,63.0,36.0,57.1,79.0,20.0,30.0
Allan Romeo Nyom,Watford,0.0,0.0,0.0,139.0,81.0,58.3,48.0,5.0,3.0,60.0,16.0,0.0,0.0
Almen Abdi,Watford,2.0,0.0,1.0,109.0,80.0,73.4,81.0,4.0,3.0,75.0,18.0,0.0,50.0
Aly Cissokho,Aston Villa,0.0,0.0,0.0,134.0,102.0,76.1,35.0,2.0,1.0,50.0,8.0,0.0,0.0
Ander Herrera Agüera,Manchester United,25.0,3.0,6.0,1199.0,979.0,81.7,395.0,39.0,23.0,59.0,102.0,12.0,24.0
Andre Green,Aston Villa,0.0,0.0,0.0,19.0,9.0,47.4,2.0,4.0,3.0,75.0,4.0,0.0,0.0
Andre Wisdom,Norwich City,0.0,0.0,0.0,81.0,58.0,71.6,9.0,1.0,1.0,100.0,5.0,0.0,0.0
Andreas Hoelgebaum Pereira,Manchester United,0.0,0.0,0.0,65.0,48.0,73.8,24.0,4.0,3.0,75.0,7.0,0.0,0.0
Andrej Kramarić,Leicester City,1.0,0.0,1.0,9.0,8.0,88.9,3.0,0.0,0.0,0.0,0.0,0.0,100.0
Andrew Philip King,Leicester City,3.0,0.0,0.0,161.0,120.0,74.5,53.0,1.0,0.0,0.0,18.0,0.0,0.0
Andrew Surman,AFC Bournemouth,0.0,0.0,0.0,279.0,226.0,81.0,77.0,3.0,3.0,100.0,32.0,0.0,0.0
Andros Townsend,Tottenham Hotspur,6.0,0.0,2.0,33.0,21.0,63.6,11.0,5.0,5.0,100.0,5.0,0.0,33.3
André Ayew Pelé,Swansea City,5.0,2.0,3.0,172.0,134.0,77.9,131.0,12.0,5.0,41.7,26.0,40.0,60.0
Andy Carroll,West Ham United,2.0,0.0,1.0,53.0,25.0,47.2,19.0,2.0,1.0,50.0,8.0,0.0,50.0
Angelo Obinze Ogbonna,West Ham United,2.0,0.0,0.0,77.0,61.0,79.2,27.0,1.0,0.0,0.0,15.0,0.0,0.0
Anthony Martial,Manchester United,58.0,11.0,25.0,1016.0,773.0,76.1,403.0,153.0,84.0,54.9,144.0,19.0,43.1
Arouna Koné,Everton,1.0,0.0,0.0,42.0,29.0,69.0,23.0,4.0,1.0,25.0,9.0,0.0,0.0
Artur Boruc,AFC Bournemouth,0.0,0.0,0.0,167.0,94.0,56.3,1.0,0.0,0.0,0.0,23.0,0.0,0.0
Ashley Westwood,Aston Villa,4.0,0.0,2.0,318.0,250.0,78.6,153.0,9.0,5.0,55.6,30.0,0.0,50.0
Ashley Williams,Swansea City,4.0,0.0,2.0,325.0,280.0,86.2,42.0,1.0,1.0,100.0,18.0,0.0,50.0
Ashley Young,Manchester United,9.0,1.0,5.0,965.0,707.0,73.3,177.0,45.0,15.0,33.3,102.0,11.1,55.6
Asmir Begović,Chelsea,0.0,0.0,0.0,232.0,119.0,51.3,3.0,0.0,0.0,0.0,26.0,0.0,0.0
Ayoze Pérez Gutiérrez,Newcastle United,8.0,1.0,4.0,122.0,87.0,71.3,112.0,20.0,9.0,45.0,36.0,12.5,50.0
Bacary Sagna,Manchester City,2.0,0.0,1.0,833.0,664.0,79.7,132.0,6.0,4.0,66.7,39.0,0.0,50.0
Bafétimbi Gomis,Swansea City,12.0,1.0,3.0,115.0,84.0,73.0,36.0,6.0,3.0,50.0,15.0,8.3,25.0
Bakary Sako,Crystal Palace,8.0,1.0,3.0,55.0,45.0,81.8,17.0,7.0,3.0,42.9,8.0,12.5,37.5
Bamidele Alli,Tottenham Hotspur,13.0,3.0,9.0,293.0,212.0,72.4,213.0,29.0,10.0,34.5,53.0,23.1,69.2
Bastian Schweinsteiger,Manchester United,17.0,2.0,6.0,1343.0,1144.0,85.2,320.0,29.0,23.0,79.3,105.0,11.8,35.3
Ben Davies,Tottenham Hotspur,0.0,0.0,0.0,345.0,254.0,73.6,80.0,5.0,2.0,40.0,28.0,0.0,0.0
Ben Foster,West Bromwich Albion,0.0,0.0,0.0,44.0,24.0,54.5,0.0,0.0,0.0,0.0,6.0,0.0,0.0
Ben Watson,Watford,1.0,0.0,0.0,157.0,99.0,63.1,64.0,1.0,1.0,100.0,11.0,0.0,0.0
Benik Afobe,AFC Bournemouth,0.0,0.0,0.0,12.0,8.0,66.7,23.0,1.0,0.0,0.0,2.0,0.0,0.0
Bertrand Isidore Traoré,Chelsea,4.0,0.0,2.0,31.0,22.0,71.0,27.0,6.0,6.0,100.0,6.0,0.0,50.0
Billy Jones,Sunderland,1.0,0.0,0.0,137.0,94.0,68.6,123.0,3.0,2.0,66.7,21.0,0.0,0.0
Bojan Krkíc Pérez,Stoke City,8.0,2.0,4.0,140.0,114.0,81.4,53.0,34.0,17.0,50.0,28.0,25.0,50.0
Bradley Guzan,Aston Villa,0.0,0.0,0.0,227.0,137.0,60.4,0.0,0.0,0.0,0.0,40.0,0.0,0.0
Bradley Shaun Smith,Liverpool,0.0,0.0,0.0,50.0,38.0,76.0,21.0,3.0,1.0,33.3,7.0,0.0,0.0
Branislav Ivanović,Chelsea,10.0,1.0,2.0,529.0,420.0,79.4,157.0,2.0,1.0,50.0,39.0,10.0,20.0
Brendan Joel Zibusiso Galloway,Everton,3.0,0.0,0.0,133.0,110.0,82.7,58.0,6.0,0.0,0.0,17.0,0.0,0.0
Callum McManaman,West Bromwich Albion,2.0,0.0,0.0,8.0,6.0,75.0,8.0,1.0,1.0,100.0,1.0,0.0,0.0
Callum Wilson,AFC Bournemouth,2.0,1.0,1.0,19.0,11.0,57.9,33.0,6.0,1.0,16.7,8.0,50.0,50.0
Calum Chambers,Arsenal,2.0,0.0,1.0,94.0,82.0,87.2,38.0,4.0,3.0,75.0,10.0,0.0,50.0
Cameron Borthwick-Jackson,Manchester United,1.0,0.0,1.0,484.0,378.0,78.1,107.0,7.0,5.0,71.4,30.0,0.0,100.0
Cameron Brannagan,Liverpool,1.0,0.0,1.0,96.0,86.0,89.6,36.0,3.0,1.0,33.3,11.0,0.0,100.0
Cameron Jerome,Norwich City,12.0,2.0,3.0,118.0,69.0,58.5,82.0,12.0,5.0,41.7,13.0,16.7,25.0
Carl Jenkinson,West Ham United,0.0,0.0,0.0,35.0,22.0,62.9,9.0,3.0,2.0,66.7,3.0,0.0,0.0
Carles Gil de Pareja Vicent,Aston Villa,6.0,1.0,1.0,158.0,129.0,81.6,59.0,10.0,5.0,50.0,21.0,16.7,16.7
Carlos Alberto Sánchez Moreno,Aston Villa,4.0,0.0,1.0,209.0,165.0,78.9,92.0,12.0,9.0,75.0,37.0,0.0,25.0
Chancel Mbemba Mangulu,Newcastle United,1.0,0.0,0.0,210.0,162.0,77.1,64.0,7.0,6.0,85.7,16.0,0.0,0.0
Charlie Adam,Stoke City,2.0,0.0,0.0,39.0,25.0,64.1,22.0,3.0,0.0,0.0,12.0,0.0,0.0
Charlie Austin,Southampton,1.0,1.0,1.0,6.0,4.0,66.7,3.0,0.0,0.0,0.0,0.0,100.0,100.0
Charlie Daniels,AFC Bournemouth,1.0,0.0,0.0,273.0,211.0,77.3,56.0,8.0,5.0,62.5,18.0,0.0,0.0
Cheik Ismaël Tioté,Newcastle United,0.0,0.0,0.0,123.0,113.0,91.9,36.0,1.0,0.0,0.0,13.0,0.0,0.0
Cheikhou Kouyaté,West Ham United,4.0,0.0,1.0,98.0,77.0,78.6,43.0,10.0,7.0,70.0,22.0,0.0,25.0
Chris Brunt,West Bromwich Albion,3.0,0.0,0.0,139.0,95.0,68.3,23.0,5.0,3.0,60.0,10.0,0.0,0.0
Chris Smalling,Manchester United,24.0,0.0,3.0,1750.0,1477.0,84.4,470.0,8.0,7.0,87.5,154.0,0.0,12.5
Christian Benteke Liolo,Liverpool,29.0,4.0,7.0,245.0,174.0,71.0,77.0,7.0,3.0,42.9,25.0,13.8,24.1
Christian Dannemann Eriksen,Tottenham Hotspur,28.0,3.0,11.0,550.0,410.0,74.5,159.0,19.0,10.0,52.6,73.0,10.7,39.3
Christian Fuchs,Leicester City,5.0,0.0,3.0,516.0,353.0,68.4,160.0,1.0,0.0,0.0,45.0,0.0,60.0
Chung-Yong Lee,Crystal Palace,0.0,0.0,0.0,19.0,15.0,78.9,21.0,3.0,1.0,33.3,2.0,0.0,0.0
Ciaran Clark,Aston Villa,2.0,0.0,1.0,96.0,70.0,72.9,15.0,2.0,2.0,100.0,12.0,0.0,50.0
Claudio Ariel Yacob,West Bromwich Albion,1.0,0.0,0.0,170.0,126.0,74.1,106.0,3.0,3.0,100.0,27.0,0.0,0.0
Clinton Mua N''Jie,Tottenham Hotspur,2.0,0.0,0.0,15.0,9.0,60.0,4.0,2.0,1.0,50.0,2.0,0.0,0.0
Connor Wickham,Crystal Palace,1.0,0.0,0.0,29.0,16.0,55.2,16.0,0.0,0.0,0.0,2.0,0.0,0.0
Costel Fane Pantilimon,Sunderland,0.0,0.0,0.0,130.0,67.0,51.5,1.0,0.0,0.0,0.0,23.0,0.0,0.0
Craig Cathcart,Watford,0.0,0.0,0.0,59.0,34.0,57.6,13.0,0.0,0.0,0.0,7.0,0.0,0.0
Craig Dawson,West Bromwich Albion,5.0,1.0,1.0,228.0,146.0,64.0,68.0,4.0,0.0,0.0,20.0,20.0,20.0
Craig Gardner,West Bromwich Albion,3.0,0.0,0.0,134.0,72.0,53.7,89.0,7.0,2.0,28.6,17.0,0.0,0.0
Cédric Ricardo Alves Soares,Southampton,1.0,0.0,0.0,176.0,102.0,58.0,55.0,2.0,2.0,100.0,29.0,0.0,0.0
César Azpilicueta Tanco,Chelsea,2.0,0.0,1.0,680.0,539.0,79.3,230.0,10.0,3.0,30.0,40.0,0.0,50.0
Daley Blind,Manchester United,4.0,1.0,2.0,2420.0,1959.0,81.0,585.0,19.0,14.0,73.7,176.0,25.0,50.0
Dame N''Doye,Sunderland,2.0,0.0,1.0,32.0,21.0,65.6,21.0,2.0,1.0,50.0,6.0,0.0,50.0
Damien Delaney,Crystal Palace,0.0,0.0,0.0,95.0,72.0,75.8,13.0,0.0,0.0,0.0,6.0,0.0,0.0
Dan Gosling,AFC Bournemouth,5.0,0.0,1.0,137.0,114.0,83.2,95.0,9.0,4.0,44.4,13.0,0.0,20.0
Daniel Amartey,Leicester City,0.0,0.0,0.0,52.0,40.0,76.9,8.0,1.0,0.0,0.0,5.0,0.0,0.0
Daniel Andre Sturridge,Liverpool,12.0,0.0,3.0,87.0,63.0,72.4,21.0,12.0,3.0,25.0,9.0,0.0,25.0
Daniel Nii Tackie Mensah Welbeck,Arsenal,3.0,1.0,2.0,22.0,18.0,81.8,15.0,5.0,3.0,60.0,5.0,33.3,66.7
Daniel William John Ings,Liverpool,7.0,2.0,3.0,58.0,41.0,70.7,27.0,4.0,1.0,25.0,10.0,28.6,42.9
Danny Drinkwater,Leicester City,12.0,0.0,1.0,781.0,589.0,75.4,255.0,19.0,10.0,52.6,96.0,0.0,8.3
Danny Graham,Sunderland,1.0,0.0,0.0,14.0,8.0,57.1,5.0,0.0,0.0,0.0,2.0,0.0,0.0
Danny Rose,Tottenham Hotspur,7.0,0.0,0.0,315.0,229.0,72.7,66.0,10.0,5.0,50.0,26.0,0.0,0.0
Danny Simpson,Leicester City,2.0,0.0,1.0,316.0,217.0,68.7,102.0,6.0,6.0,100.0,34.0,0.0,50.0
Darren Fletcher,West Bromwich Albion,1.0,0.0,0.0,270.0,199.0,73.7,91.0,15.0,10.0,66.7,50.0,0.0,0.0
Darren Randolph,West Ham United,0.0,0.0,0.0,59.0,24.0,40.7,0.0,0.0,0.0,0.0,9.0,0.0,0.0
Daryl Janmaat,Newcastle United,3.0,0.0,1.0,289.0,207.0,71.6,70.0,5.0,4.0,80.0,25.0,0.0,33.3
David Josué Jiménez Silva,Manchester City,10.0,1.0,2.0,461.0,384.0,83.3,88.0,20.0,12.0,60.0,42.0,10.0,20.0
David de Gea Quintana,Manchester United,0.0,0.0,0.0,1030.0,643.0,62.4,1.0,0.0,0.0,0.0,141.0,0.0,0.0
DeAndre Yedlin,Sunderland,1.0,0.0,0.0,78.0,49.0,62.8,54.0,6.0,3.0,50.0,8.0,0.0,0.0
Declan Rudd,Norwich City,0.0,0.0,0.0,63.0,22.0,34.9,1.0,0.0,0.0,0.0,13.0,0.0,0.0
Dejan Lovren,Liverpool,10.0,0.0,2.0,450.0,387.0,86.0,66.0,1.0,0.0,0.0,29.0,0.0,20.0
Demarai Gray,Leicester City,0.0,0.0,0.0,10.0,7.0,70.0,4.0,2.0,2.0,100.0,1.0,0.0,0.0
Diafra Sakho,West Ham United,6.0,3.0,3.0,56.0,31.0,55.4,41.0,4.0,1.0,25.0,23.0,50.0,50.0
Diego da Silva Costa,Chelsea,23.0,3.0,10.0,230.0,175.0,76.1,112.0,33.0,13.0,39.4,28.0,13.0,43.5
Dieumerci Mbokani Bezua,Norwich City,3.0,0.0,2.0,31.0,21.0,67.7,11.0,0.0,0.0,0.0,5.0,0.0,66.7
Dimitri Payet,West Ham United,7.0,0.0,2.0,123.0,87.0,70.7,29.0,10.0,6.0,60.0,23.0,0.0,28.6
Divock Okoth Origi,Liverpool,3.0,1.0,2.0,37.0,25.0,67.6,11.0,5.0,4.0,80.0,3.0,33.3,66.7
Donald Love,Manchester United,0.0,0.0,0.0,35.0,24.0,68.6,10.0,5.0,3.0,60.0,6.0,0.0,0.0
Duncan Watmore,Sunderland,4.0,0.0,2.0,35.0,23.0,65.7,48.0,11.0,5.0,45.5,17.0,0.0,50.0
Dušan Tadić,Southampton,8.0,0.0,3.0,137.0,84.0,61.3,68.0,14.0,8.0,57.1,21.0,0.0,37.5
Dwight Gayle,Crystal Palace,3.0,0.0,3.0,19.0,11.0,57.9,17.0,0.0,0.0,0.0,5.0,0.0,100.0
Eden Hazard,Chelsea,19.0,1.0,8.0,657.0,546.0,83.1,121.0,55.0,37.0,67.3,66.0,5.3,42.1
El-Hadji Baye Oumar Niasse,Everton,0.0,0.0,0.0,3.0,0.0,0.0,4.0,3.0,0.0,0.0,1.0,0.0,0.0
Eliaquim Mangala,Manchester City,1.0,0.0,1.0,302.0,268.0,88.7,61.0,2.0,1.0,50.0,34.0,0.0,100.0
Emmanuel Adebayor,Crystal Palace,1.0,0.0,0.0,30.0,22.0,73.3,10.0,2.0,1.0,50.0,1.0,0.0,0.0
Emre Can,Liverpool,10.0,0.0,5.0,744.0,605.0,81.3,214.0,22.0,16.0,72.7,75.0,0.0,50.0
Enner Remberto Valencia Lastra,West Ham United,0.0,0.0,0.0,2.0,2.0,100.0,1.0,0.0,0.0,0.0,0.0,0.0,0.0
Eric Dier,Tottenham Hotspur,5.0,0.0,2.0,559.0,463.0,82.8,189.0,4.0,1.0,25.0,35.0,0.0,40.0
Erik Lamela,Tottenham Hotspur,17.0,1.0,3.0,304.0,220.0,72.4,206.0,21.0,11.0,52.4,43.0,5.9,17.6
Erik Pieters,Stoke City,2.0,0.0,0.0,285.0,193.0,67.7,108.0,6.0,4.0,66.7,30.0,0.0,0.0
Etienne Capoue,Watford,6.0,0.0,0.0,188.0,135.0,71.8,79.0,12.0,7.0,58.3,52.0,0.0,0.0
Eunan O''Kane,AFC Bournemouth,0.0,0.0,0.0,65.0,52.0,80.0,21.0,4.0,4.0,100.0,5.0,0.0,0.0
Fabian Delph,Manchester City,4.0,1.0,2.0,119.0,105.0,88.2,32.0,5.0,4.0,80.0,12.0,25.0,50.0
Fabio Borini,Sunderland,10.0,2.0,6.0,129.0,89.0,69.0,85.0,8.0,4.0,50.0,26.0,20.0,60.0
Fabricio Coloccini,Newcastle United,2.0,0.0,0.0,184.0,159.0,86.4,55.0,1.0,1.0,100.0,15.0,0.0,0.0
Faustino Marcos Alberto Rojo,Manchester United,9.0,0.0,1.0,970.0,696.0,71.8,241.0,2.0,1.0,50.0,55.0,0.0,11.1
Federico Fernández,Swansea City,1.0,0.0,0.0,197.0,159.0,80.7,43.0,0.0,0.0,0.0,10.0,0.0,0.0
Fernando Francisco Reges,Manchester City,6.0,0.0,3.0,243.0,215.0,88.5,99.0,8.0,8.0,100.0,32.0,0.0,50.0
Fernando Luiz Rosa,Manchester City,8.0,0.0,1.0,728.0,649.0,89.1,219.0,14.0,9.0,64.3,64.0,0.0,12.5
Fernando Luiz Roza,Manchester City,2.0,0.0,0.0,82.0,75.0,91.5,31.0,3.0,3.0,100.0,7.0,0.0,0.0
Florian Thauvin,Newcastle United,2.0,0.0,0.0,56.0,31.0,55.4,28.0,5.0,3.0,60.0,8.0,0.0,0.0
Francesc Fàbregas i Soler,Chelsea,18.0,0.0,8.0,981.0,796.0,81.1,275.0,16.0,8.0,50.0,78.0,0.0,44.4
Francis Joseph Coquelin,Arsenal,3.0,0.0,0.0,432.0,390.0,90.3,114.0,16.0,14.0,87.5,60.0,0.0,0.0
Fraser Forster,Southampton,0.0,0.0,0.0,38.0,20.0,52.6,0.0,0.0,0.0,0.0,5.0,0.0,0.0
Gabriel Antoine Obertan,Newcastle United,0.0,0.0,0.0,34.0,25.0,73.5,13.0,4.0,1.0,25.0,5.0,0.0,0.0
Gabriel Armando de Abreu,Arsenal,6.0,0.0,1.0,374.0,340.0,90.9,53.0,3.0,2.0,66.7,22.0,0.0,16.7
Gabriel Imuetinyan Agbonlahor,Aston Villa,2.0,0.0,2.0,30.0,22.0,73.3,26.0,2.0,0.0,0.0,4.0,0.0,100.0
Gareth Barry,Everton,2.0,0.0,0.0,233.0,174.0,74.7,84.0,3.0,2.0,66.7,30.0,0.0,0.0
Gareth McAuley,West Bromwich Albion,0.0,0.0,0.0,139.0,86.0,61.9,53.0,1.0,1.0,100.0,15.0,0.0,0.0
Gary Cahill,Chelsea,5.0,0.0,0.0,316.0,272.0,86.1,89.0,2.0,2.0,100.0,39.0,0.0,0.0
Gary O''Neil,Norwich City,3.0,0.0,0.0,172.0,124.0,72.1,98.0,7.0,6.0,85.7,26.0,0.0,0.0
Gaël Clichy,Manchester City,1.0,0.0,0.0,57.0,46.0,80.7,11.0,0.0,0.0,0.0,6.0,0.0,0.0
Geoff Cameron,Stoke City,2.0,0.0,0.0,128.0,84.0,65.6,67.0,3.0,2.0,66.7,16.0,0.0,0.0
Georginio Wijnaldum,Newcastle United,13.0,3.0,6.0,198.0,158.0,79.8,63.0,25.0,21.0,84.0,41.0,23.1,46.2
Gerard Deulofeu Lázaro,Everton,1.0,0.0,1.0,122.0,67.0,54.9,47.0,13.0,6.0,46.2,24.0,0.0,100.0
Glen Johnson,Stoke City,5.0,0.0,1.0,193.0,156.0,80.8,50.0,10.0,5.0,50.0,22.0,0.0,20.0
Glenn Murray,AFC Bournemouth,3.0,1.0,1.0,23.0,16.0,69.6,36.0,5.0,3.0,60.0,4.0,33.3,33.3
Glenn Whelan,Stoke City,1.0,0.0,0.0,237.0,197.0,83.1,59.0,2.0,1.0,50.0,37.0,0.0,0.0
Glyn Oliver Myhill,West Bromwich Albion,0.0,0.0,0.0,118.0,54.0,45.8,0.0,0.0,0.0,0.0,23.0,0.0,0.0
Gnégnéri Yaya Touré,Manchester City,33.0,4.0,10.0,670.0,568.0,84.8,126.0,25.0,14.0,56.0,47.0,12.1,30.3
Graham Dorrans,Norwich City,3.0,0.0,0.0,119.0,104.0,87.4,44.0,7.0,5.0,71.4,17.0,0.0,0.0
Graziano Pellè,Southampton,10.0,3.0,4.0,111.0,64.0,57.7,43.0,6.0,5.0,83.3,4.0,30.0,40.0
Guangtai Jiang,Everton,1.0,0.0,0.0,45.0,35.0,77.8,9.0,0.0,0.0,0.0,3.0,0.0,0.0
Guillermo Varela Olivera,Manchester United,1.0,0.0,0.0,197.0,154.0,78.2,70.0,6.0,3.0,50.0,20.0,0.0,0.0
Gylfi Þór Sigurðsson,Swansea City,12.0,1.0,2.0,206.0,147.0,71.4,135.0,10.0,2.0,20.0,29.0,8.3,16.7
Gökhan İnler,Leicester City,1.0,0.0,0.0,109.0,87.0,79.8,46.0,3.0,2.0,66.7,18.0,0.0,0.0
Harry Arter,AFC Bournemouth,3.0,0.0,0.0,120.0,104.0,86.7,106.0,4.0,2.0,50.0,18.0,0.0,0.0
Harry Kane,Tottenham Hotspur,40.0,8.0,22.0,316.0,227.0,71.8,145.0,33.0,18.0,54.5,43.0,20.0,55.0
Heung-Min Son,Tottenham Hotspur,6.0,0.0,2.0,65.0,43.0,66.2,41.0,5.0,3.0,60.0,8.0,0.0,33.3
Heurelho da Silva Gomes,Watford,0.0,0.0,0.0,128.0,56.0,43.8,0.0,0.0,0.0,0.0,23.0,0.0,0.0
Hugo Lloris,Tottenham Hotspur,0.0,0.0,0.0,301.0,203.0,67.4,0.0,0.0,0.0,0.0,37.0,0.0,0.0
Héctor Bellerín Moruno,Arsenal,6.0,0.0,1.0,846.0,682.0,80.6,161.0,33.0,23.0,69.7,61.0,0.0,16.7
Ibrahim Afellay,Stoke City,5.0,0.0,0.0,157.0,135.0,86.0,40.0,9.0,5.0,55.6,22.0,0.0,0.0
Idrissa Gana Gueye,Aston Villa,5.0,0.0,0.0,302.0,265.0,87.7,160.0,14.0,7.0,50.0,38.0,0.0,0.0
Ignacio Monreal Eraso,Arsenal,3.0,0.0,2.0,907.0,739.0,81.5,157.0,10.0,6.0,60.0,66.0,0.0,66.7
Ikechi Anya,Watford,0.0,0.0,0.0,86.0,62.0,72.1,37.0,5.0,3.0,60.0,15.0,0.0,0.0
Ivan Toney,Newcastle United,0.0,0.0,0.0,2.0,1.0,50.0,3.0,0.0,0.0,0.0,0.0,0.0,0.0
Ivo Daniel Ferreira Mendonca Pinto,Norwich City,0.0,0.0,0.0,98.0,66.0,67.3,53.0,2.0,0.0,0.0,12.0,0.0,0.0
Jack Butland,Stoke City,0.0,0.0,0.0,168.0,74.0,44.0,1.0,1.0,1.0,100.0,33.0,0.0,0.0
Jack Colback,Newcastle United,1.0,0.0,0.0,151.0,118.0,78.1,75.0,3.0,2.0,66.7,22.0,0.0,0.0
Jack Frank Porteous Cork,Swansea City,1.0,0.0,0.0,131.0,111.0,84.7,55.0,4.0,3.0,75.0,22.0,0.0,0.0
Jack Grealish,Aston Villa,9.0,1.0,3.0,100.0,69.0,69.0,40.0,10.0,7.0,70.0,24.0,11.1,33.3
Jack Rodwell,Sunderland,3.0,0.0,0.0,84.0,53.0,63.1,38.0,2.0,2.0,100.0,15.0,0.0,0.0
Jack Wilshere,Arsenal,1.0,0.0,0.0,37.0,32.0,86.5,18.0,5.0,2.0,40.0,2.0,0.0,0.0
Jamaal Lascelles,Newcastle United,0.0,0.0,0.0,16.0,14.0,87.5,4.0,1.0,0.0,0.0,2.0,0.0,0.0
James Collins,West Ham United,0.0,0.0,0.0,1.0,1.0,100.0,1.0,0.0,0.0,0.0,0.0,0.0,0.0
James Grant Chester,West Bromwich Albion,0.0,0.0,0.0,103.0,81.0,78.6,40.0,2.0,1.0,50.0,8.0,0.0,0.0
James McArthur,Crystal Palace,0.0,0.0,0.0,98.0,82.0,83.7,48.0,3.0,2.0,66.7,15.0,0.0,0.0
James McCarthy,Everton,1.0,0.0,1.0,148.0,124.0,83.8,102.0,1.0,1.0,100.0,18.0,0.0,100.0
James McClean,West Bromwich Albion,6.0,0.0,1.0,105.0,60.0,57.1,93.0,6.0,3.0,50.0,22.0,0.0,16.7
James Morrison,West Bromwich Albion,3.0,0.0,1.0,120.0,96.0,80.0,61.0,7.0,3.0,42.9,21.0,0.0,33.3
James Philip Milner,Liverpool,19.0,1.0,5.0,628.0,456.0,72.6,244.0,18.0,8.0,44.4,64.0,5.3,26.3
James Tomkins,West Ham United,0.0,0.0,0.0,113.0,89.0,78.8,27.0,0.0,0.0,0.0,6.0,0.0,0.0
James Ward-Prowse,Southampton,7.0,0.0,2.0,135.0,97.0,71.9,50.0,2.0,1.0,50.0,25.0,0.0,28.6
James Wilson,Manchester United,0.0,0.0,0.0,12.0,12.0,100.0,0.0,0.0,0.0,0.0,0.0,0.0,0.0
Jamie Vardy,Leicester City,44.0,9.0,17.0,244.0,149.0,61.1,164.0,31.0,14.0,45.2,37.0,20.5,38.6
Jan Kirchhoff,Sunderland,0.0,0.0,0.0,5.0,5.0,100.0,4.0,0.0,0.0,0.0,0.0,0.0,0.0
Jan Vertonghen,Tottenham Hotspur,1.0,0.0,1.0,474.0,417.0,88.0,50.0,2.0,2.0,100.0,30.0,0.0,100.0
Jason Puncheon,Crystal Palace,2.0,0.0,0.0,103.0,78.0,75.7,34.0,5.0,5.0,100.0,17.0,0.0,0.0
Javier Hernández Balcázar,Manchester United,1.0,0.0,1.0,13.0,11.0,84.6,0.0,0.0,0.0,0.0,1.0,0.0,100.0
Jay Rodriguez,Southampton,0.0,0.0,0.0,3.0,2.0,66.7,6.0,1.0,1.0,100.0,1.0,0.0,0.0
Jefferson Antonio Montero Vite,Swansea City,2.0,0.0,0.0,69.0,35.0,50.7,30.0,16.0,8.0,50.0,10.0,0.0,0.0
Jeffrey Schlupp,Leicester City,5.0,0.0,2.0,253.0,170.0,67.2,86.0,25.0,14.0,56.0,31.0,0.0,40.0
Jeremain Lens,Sunderland,7.0,0.0,2.0,85.0,53.0,62.4,60.0,18.0,10.0,55.6,18.0,0.0,28.6
Jermain Defoe,Sunderland,12.0,0.0,4.0,48.0,29.0,60.4,33.0,6.0,3.0,50.0,16.0,0.0,33.3
Jesse Lingard,Manchester United,32.0,4.0,13.0,775.0,639.0,82.5,402.0,37.0,12.0,32.4,85.0,12.5,40.6
Jesús Navas González,Manchester City,9.0,0.0,4.0,390.0,303.0,77.7,90.0,12.0,9.0,75.0,38.0,0.0,44.4
Joe Allen,Liverpool,2.0,0.0,0.0,114.0,95.0,83.3,48.0,8.0,4.0,50.0,18.0,0.0,0.0
Joe Dodoo,Leicester City,0.0,0.0,0.0,6.0,3.0,50.0,5.0,0.0,0.0,0.0,0.0,0.0,0.0
Joe Gomez,Liverpool,1.0,0.0,0.0,171.0,132.0,77.2,36.0,6.0,2.0,33.3,25.0,0.0,0.0
Joe Hart,Manchester City,0.0,0.0,0.0,262.0,179.0,68.3,1.0,0.0,0.0,0.0,42.0,0.0,0.0
Joe Ledley,Crystal Palace,0.0,0.0,0.0,4.0,1.0,25.0,2.0,0.0,0.0,0.0,0.0,0.0,0.0
Joel Nathaniel Campbell Samuels,Arsenal,7.0,2.0,4.0,141.0,102.0,72.3,86.0,5.0,1.0,20.0,23.0,28.6,57.1
Joel Robles Blázquez,Everton,0.0,0.0,0.0,49.0,27.0,55.1,0.0,1.0,1.0,100.0,4.0,0.0,0.0
Joel Ward,Crystal Palace,1.0,1.0,1.0,68.0,52.0,76.5,25.0,1.0,0.0,0.0,6.0,100.0,100.0
John Michael Nchekwube Obinna,Chelsea,0.0,0.0,0.0,185.0,156.0,84.3,76.0,0.0,0.0,0.0,22.0,0.0,0.0
John O''Shea,Sunderland,2.0,0.0,1.0,111.0,82.0,73.9,43.0,1.0,1.0,100.0,13.0,0.0,50.0
John O'Shea,Sunderland,0.0,0.0,0.0,17.0,15.0,88.2,9.0,0.0,0.0,0.0,3.0,0.0,0.0
John Ruddy,Norwich City,0.0,0.0,0.0,207.0,102.0,49.3,4.0,0.0,0.0,0.0,33.0,0.0,0.0
John Stones,Everton,1.0,0.0,0.0,260.0,223.0,85.8,40.0,2.0,1.0,50.0,33.0,0.0,0.0
John Terry,Chelsea,5.0,0.0,1.0,291.0,259.0,89.0,35.0,1.0,0.0,0.0,16.0,0.0,20.0
Joleon Lescott,Aston Villa,3.0,0.0,0.0,222.0,182.0,82.0,64.0,2.0,2.0,100.0,24.0,0.0,0.0
Joleon Lescott,West Bromwich Albion,0.0,0.0,0.0,36.0,31.0,86.1,15.0,0.0,0.0,0.0,2.0,0.0,0.0
Jon Flanagan,Liverpool,0.0,0.0,0.0,81.0,72.0,88.9,14.0,0.0,0.0,0.0,8.0,0.0,0.0
Jonas Olsson,West Bromwich Albion,1.0,1.0,1.0,76.0,57.0,75.0,11.0,1.0,1.0,100.0,9.0,100.0,100.0
Jonathan Grant Evans,West Bromwich Albion,0.0,0.0,0.0,156.0,113.0,72.4,59.0,4.0,4.0,100.0,26.0,0.0,0.0
Jonathan Howson,Norwich City,2.0,0.0,0.0,240.0,177.0,73.8,127.0,8.0,4.0,50.0,27.0,0.0,0.0
Jonathan Leko,West Bromwich Albion,0.0,0.0,0.0,18.0,13.0,72.2,18.0,7.0,5.0,71.4,7.0,0.0,0.0
Jonathan Walters,Stoke City,5.0,1.0,1.0,89.0,55.0,61.8,37.0,7.0,3.0,42.9,16.0,20.0,20.0
Jonjo Shelvey,Swansea City,5.0,0.0,2.0,178.0,132.0,74.2,42.0,3.0,1.0,33.3,19.0,0.0,40.0
Jordan Amavi,Aston Villa,0.0,0.0,0.0,138.0,99.0,71.7,41.0,12.0,4.0,33.3,17.0,0.0,0.0
Jordan Ayew,Aston Villa,10.0,1.0,1.0,189.0,144.0,76.2,166.0,45.0,19.0,42.2,36.0,10.0,10.0
Jordan Brian Henderson,Liverpool,13.0,1.0,4.0,288.0,221.0,76.7,70.0,7.0,5.0,71.4,26.0,7.7,30.8
Jordan Lyden,Aston Villa,0.0,0.0,0.0,40.0,31.0,77.5,10.0,0.0,0.0,0.0,8.0,0.0,0.0
Jordan Rossiter,Liverpool,0.0,0.0,0.0,6.0,4.0,66.7,13.0,0.0,0.0,0.0,1.0,0.0,0.0
Jordan Veretout,Aston Villa,5.0,0.0,1.0,111.0,89.0,80.2,50.0,0.0,0.0,0.0,13.0,0.0,20.0
Jordi Gómez García-Penche,Sunderland,0.0,0.0,0.0,78.0,64.0,82.1,21.0,0.0,0.0,0.0,6.0,0.0,0.0
Jordon Ibe,Liverpool,11.0,1.0,3.0,173.0,138.0,79.8,46.0,24.0,12.0,50.0,29.0,9.1,27.3
Jordon Mutch,Crystal Palace,0.0,0.0,0.0,5.0,4.0,80.0,13.0,1.0,1.0,100.0,1.0,0.0,0.0
Jordy Clasie,Southampton,0.0,0.0,0.0,95.0,75.0,78.9,70.0,0.0,0.0,0.0,8.0,0.0,0.0
Josh Onomah,Tottenham Hotspur,1.0,0.0,1.0,3.0,2.0,66.7,0.0,1.0,1.0,100.0,0.0,0.0,100.0
Joshua King,AFC Bournemouth,8.0,1.0,3.0,78.0,49.0,62.8,122.0,23.0,15.0,65.2,17.0,12.5,37.5
José Holebas,Watford,1.0,0.0,0.0,36.0,28.0,77.8,10.0,2.0,1.0,50.0,5.0,0.0,0.0
José Leonardo Ulloa,Leicester City,23.0,2.0,6.0,196.0,131.0,66.8,139.0,14.0,10.0,71.4,38.0,8.7,26.1
José Luis Sanmartín Mato,Stoke City,0.0,0.0,0.0,10.0,10.0,100.0,8.0,1.0,0.0,0.0,1.0,0.0,0.0
José Manuel Jurado Marín,Watford,1.0,0.0,1.0,36.0,29.0,80.6,19.0,3.0,1.0,33.3,10.0,0.0,100.0
José Miguel da Rocha Fonte,Southampton,5.0,1.0,3.0,240.0,188.0,78.3,37.0,3.0,3.0,100.0,23.0,20.0,60.0
José Ramiro Funes Mori,Everton,1.0,0.0,0.0,144.0,116.0,80.6,23.0,1.0,0.0,0.0,21.0,0.0,0.0
José Salomón Rondón Giménez,West Bromwich Albion,14.0,3.0,4.0,97.0,63.0,64.9,77.0,11.0,6.0,54.5,22.0,21.4,28.6
Juan Carlos Paredes Reasco,Watford,0.0,0.0,0.0,10.0,7.0,70.0,11.0,0.0,0.0,0.0,8.0,0.0,0.0
Juan Manuel Mata García,Manchester United,65.0,6.0,22.0,2121.0,1814.0,85.5,437.0,66.0,43.0,65.2,176.0,9.2,33.8
Juan Miguel Jiménez López,Southampton,1.0,0.0,0.0,16.0,14.0,87.5,17.0,1.0,1.0,100.0,2.0,0.0,0.0
Julián Speroni,Crystal Palace,0.0,0.0,0.0,35.0,20.0,57.1,0.0,0.0,0.0,0.0,2.0,0.0,0.0
Junior Stanislas,AFC Bournemouth,9.0,1.0,3.0,96.0,67.0,69.8,49.0,9.0,3.0,33.3,11.0,11.1,33.3
Kasper Schmeichel,Leicester City,0.0,0.0,0.0,433.0,165.0,38.1,1.0,0.0,0.0,0.0,80.0,0.0,0.0
Kelechi Promise Iheanacho,Manchester City,2.0,0.0,1.0,51.0,40.0,78.4,18.0,1.0,1.0,100.0,9.0,0.0,50.0
Kevin De Bruyne,Manchester City,20.0,4.0,9.0,587.0,408.0,69.5,163.0,46.0,28.0,60.9,62.0,20.0,45.0
Kevin Linford Stewart,Liverpool,0.0,0.0,0.0,93.0,87.0,93.5,17.0,0.0,0.0,0.0,6.0,0.0,0.0
Kevin Mbabu,Newcastle United,1.0,0.0,1.0,53.0,30.0,56.6,39.0,4.0,3.0,75.0,6.0,0.0,100.0
Kevin Mirallas,Everton,4.0,1.0,2.0,17.0,11.0,64.7,19.0,2.0,1.0,50.0,2.0,25.0,50.0
Kevin Toner,Aston Villa,1.0,0.0,0.0,32.0,27.0,84.4,5.0,0.0,0.0,0.0,1.0,0.0,0.0
Kevin Wimmer,Tottenham Hotspur,0.0,0.0,0.0,150.0,142.0,94.7,9.0,0.0,0.0,0.0,4.0,0.0,0.0
Kieran Gibbs,Arsenal,1.0,0.0,0.0,48.0,36.0,75.0,28.0,4.0,2.0,50.0,3.0,0.0,0.0
Kieran Richardson,Aston Villa,1.0,0.0,0.0,100.0,72.0,72.0,42.0,2.0,1.0,50.0,8.0,0.0,0.0
Kolo Habib Touré,Liverpool,3.0,0.0,1.0,60.0,52.0,86.7,15.0,2.0,2.0,100.0,4.0,0.0,33.3
Kurt Happy Zouma,Chelsea,11.0,1.0,1.0,370.0,299.0,80.8,73.0,3.0,2.0,66.7,22.0,9.1,9.1
Kyle Bartley,Swansea City,1.0,0.0,0.0,92.0,75.0,81.5,24.0,0.0,0.0,0.0,8.0,0.0,0.0
Kyle Naughton,Swansea City,1.0,0.0,0.0,303.0,233.0,76.9,59.0,5.0,4.0,80.0,18.0,0.0,0.0
Kyle Walker,Tottenham Hotspur,8.0,0.0,4.0,568.0,420.0,73.9,204.0,11.0,3.0,27.3,62.0,0.0,50.0
Lamine Koné,Sunderland,3.0,0.0,2.0,19.0,8.0,42.1,8.0,1.0,1.0,100.0,6.0,0.0,66.7
Laurent Koscielny,Arsenal,6.0,2.0,3.0,567.0,486.0,85.7,96.0,7.0,5.0,71.4,75.0,33.3,50.0
Leandro Bacuna,Aston Villa,4.0,0.0,0.0,294.0,223.0,75.9,96.0,12.0,4.0,33.3,19.0,0.0,0.0
Lee Cattermole,Sunderland,2.0,0.0,0.0,126.0,97.0,77.0,73.0,1.0,1.0,100.0,22.0,0.0,0.0
Lee Tomlin,AFC Bournemouth,0.0,0.0,0.0,38.0,20.0,52.6,20.0,0.0,0.0,0.0,5.0,0.0,0.0
Leighton Baines,Everton,1.0,0.0,0.0,125.0,93.0,74.4,23.0,1.0,1.0,100.0,5.0,0.0,0.0
Leon Britton,Swansea City,0.0,0.0,0.0,137.0,123.0,89.8,40.0,2.0,2.0,100.0,23.0,0.0,0.0
Lewis Grabban,AFC Bournemouth,1.0,0.0,0.0,29.0,26.0,89.7,18.0,2.0,1.0,50.0,1.0,0.0,0.0
Lewis Grabban,Norwich City,1.0,1.0,1.0,30.0,26.0,86.7,19.0,1.0,1.0,100.0,3.0,100.0,100.0
Loïc Rémy,Chelsea,8.0,0.0,1.0,38.0,33.0,86.8,7.0,4.0,4.0,100.0,3.0,0.0,12.5
Lucas Pezzini Leiva,Liverpool,2.0,0.0,1.0,635.0,519.0,81.7,223.0,8.0,6.0,75.0,58.0,0.0,50.0
Luis Antonio Valencia Mosquera,Manchester United,6.0,0.0,1.0,822.0,699.0,85.0,173.0,29.0,25.0,86.2,65.0,0.0,16.7
Luke Shaw,Manchester United,1.0,0.0,1.0,413.0,340.0,82.3,90.0,7.0,6.0,85.7,21.0,0.0,100.0
Maarten Stekelenburg,Southampton,0.0,0.0,0.0,109.0,54.0,49.5,2.0,0.0,0.0,0.0,13.0,0.0,0.0
Mamadou Sakho,Liverpool,2.0,0.0,0.0,358.0,297.0,83.0,39.0,2.0,2.0,100.0,35.0,0.0,0.0
Mame Biram Diouf,Stoke City,0.0,0.0,0.0,13.0,11.0,84.6,6.0,0.0,0.0,0.0,2.0,0.0,0.0
Manuel Lanzini,West Ham United,5.0,1.0,1.0,100.0,81.0,81.0,43.0,9.0,6.0,66.7,21.0,20.0,20.0
Marc Albrighton,Leicester City,15.0,0.0,2.0,409.0,225.0,55.0,230.0,30.0,17.0,56.7,60.0,0.0,13.3
Marc Muniesa Martínez,Stoke City,0.0,0.0,0.0,32.0,25.0,78.1,12.0,0.0,0.0,0.0,1.0,0.0,0.0
Marc Pugh,AFC Bournemouth,1.0,0.0,0.0,30.0,26.0,86.7,19.0,5.0,3.0,60.0,5.0,0.0,0.0
Marc Wilson,Stoke City,0.0,0.0,0.0,37.0,25.0,67.6,7.0,2.0,1.0,50.0,5.0,0.0,0.0
Marcin Ryszard Wasilewski,Leicester City,1.0,0.0,0.0,27.0,16.0,59.3,13.0,0.0,0.0,0.0,1.0,0.0,0.0
Marco van Ginkel,Stoke City,2.0,0.0,1.0,58.0,42.0,72.4,44.0,1.0,0.0,0.0,9.0,0.0,50.0
Marcus Rashford,Manchester United,16.0,5.0,8.0,209.0,155.0,74.2,128.0,36.0,13.0,36.1,28.0,31.2,50.0
Mario Suárez Mata,Watford,0.0,0.0,0.0,9.0,5.0,55.6,4.0,0.0,0.0,0.0,1.0,0.0,0.0
Mark Bunn,Aston Villa,0.0,0.0,0.0,25.0,11.0,44.0,0.0,0.0,0.0,0.0,4.0,0.0,0.0
Mark Noble,West Ham United,5.0,1.0,1.0,144.0,123.0,85.4,70.0,7.0,7.0,100.0,35.0,20.0,20.0
Marko Arnautović,Stoke City,12.0,4.0,4.0,170.0,121.0,71.2,64.0,28.0,9.0,32.1,24.0,33.3,33.3
Marouane Fellaini-Bakkioui,Manchester United,22.0,1.0,7.0,649.0,538.0,82.9,234.0,22.0,13.0,59.1,98.0,4.5,31.8
Martin Kelly,Crystal Palace,0.0,0.0,0.0,82.0,61.0,74.4,27.0,1.0,0.0,0.0,7.0,0.0,0.0
Martin Olsson,Norwich City,1.0,0.0,1.0,197.0,127.0,64.5,60.0,5.0,3.0,60.0,23.0,0.0,100.0
Martin Škrtel,Liverpool,4.0,0.0,1.0,600.0,522.0,87.0,71.0,0.0,0.0,0.0,50.0,0.0,25.0
Martín Gastón Demichelis,Manchester City,1.0,0.0,0.0,207.0,173.0,83.6,41.0,1.0,1.0,100.0,17.0,0.0,0.0
Massadio Haïdara,Newcastle United,0.0,0.0,0.0,25.0,20.0,80.0,13.0,0.0,0.0,0.0,4.0,0.0,0.0
Mathieu Flamini,Arsenal,2.0,0.0,1.0,318.0,287.0,90.3,79.0,2.0,1.0,50.0,20.0,0.0,50.0
Matt Jarvis,Norwich City,2.0,0.0,2.0,37.0,25.0,67.6,18.0,2.0,1.0,50.0,2.0,0.0,100.0
Matt Jarvis,West Ham United,0.0,0.0,0.0,4.0,3.0,75.0,0.0,1.0,1.0,100.0,0.0,0.0,0.0
Matt Ritchie,AFC Bournemouth,5.0,0.0,1.0,238.0,171.0,71.8,104.0,5.0,4.0,80.0,32.0,0.0,20.0
Matt Targett,Southampton,0.0,0.0,0.0,65.0,48.0,73.8,18.0,1.0,1.0,100.0,7.0,0.0,0.0
Matteo Darmian,Manchester United,8.0,1.0,1.0,1310.0,1037.0,79.2,381.0,22.0,11.0,50.0,77.0,12.5,12.5
Mauro Matías Zárate,West Ham United,4.0,0.0,1.0,26.0,18.0,69.2,18.0,3.0,3.0,100.0,3.0,0.0,25.0
Max-Alain Gradel,AFC Bournemouth,3.0,0.0,1.0,57.0,32.0,56.1,39.0,8.0,4.0,50.0,10.0,0.0,33.3
Maya Yoshida,Southampton,0.0,0.0,0.0,108.0,82.0,75.9,15.0,1.0,0.0,0.0,8.0,0.0,0.0
Memphis Depay,Manchester United,60.0,2.0,16.0,810.0,592.0,73.1,220.0,70.0,36.0,51.4,94.0,3.3,26.7
Mesut Özil,Arsenal,24.0,4.0,10.0,957.0,801.0,83.7,184.0,34.0,20.0,58.8,58.0,16.7,41.7
Micah Richards,Aston Villa,3.0,0.0,1.0,146.0,127.0,87.0,31.0,3.0,2.0,66.7,17.0,0.0,33.3
Michael Carrick,Manchester United,7.0,0.0,1.0,1768.0,1540.0,87.1,302.0,14.0,8.0,57.1,119.0,0.0,14.3
Michail Antonio,West Ham United,2.0,1.0,1.0,53.0,31.0,58.5,34.0,5.0,1.0,20.0,12.0,50.0,50.0
Michel Vorm,Tottenham Hotspur,0.0,0.0,0.0,98.0,94.0,95.9,0.0,0.0,0.0,0.0,8.0,0.0,0.0
Miguel Ángel Britos Cabrera,Watford,1.0,0.0,0.0,88.0,49.0,55.7,17.0,3.0,2.0,66.7,7.0,0.0,0.0
Mikel Arteta Amatriain,Arsenal,1.0,0.0,0.0,69.0,61.0,88.4,17.0,2.0,1.0,50.0,4.0,0.0,0.0
Mile Jedinak,Crystal Palace,0.0,0.0,0.0,46.0,36.0,78.3,18.0,0.0,0.0,0.0,5.0,0.0,0.0
Modou Barrow,Swansea City,1.0,0.0,1.0,31.0,23.0,74.2,30.0,10.0,6.0,60.0,3.0,0.0,100.0
Mohamed Naser Elsayed Elneny,Arsenal,2.0,0.0,0.0,39.0,39.0,100.0,5.0,0.0,0.0,0.0,4.0,0.0,0.0
Morgan Schneiderlin,Manchester United,11.0,1.0,1.0,1604.0,1426.0,88.9,561.0,26.0,19.0,73.1,158.0,9.1,9.1
Mousa Sidi Yaya Dembélé,Tottenham Hotspur,4.0,1.0,2.0,460.0,400.0,87.0,195.0,22.0,16.0,72.7,54.0,25.0,50.0
Moussa Sissoko,Newcastle United,4.0,0.0,1.0,178.0,127.0,71.3,74.0,12.0,5.0,41.7,20.0,0.0,25.0
N''Golo Kanté,Leicester City,9.0,0.0,1.0,597.0,483.0,80.9,336.0,18.0,12.0,66.7,117.0,0.0,11.1
Nabil Bentaleb,Tottenham Hotspur,0.0,0.0,0.0,80.0,64.0,80.0,14.0,4.0,4.0,100.0,6.0,0.0,0.0
Nacer Chadli,Tottenham Hotspur,6.0,0.0,2.0,122.0,96.0,78.7,65.0,8.0,4.0,50.0,13.0,0.0,33.3
Nathan Aké,Watford,2.0,1.0,1.0,91.0,52.0,57.1,44.0,1.0,0.0,0.0,8.0,50.0,50.0
Nathan Dyer,Leicester City,2.0,1.0,1.0,45.0,34.0,75.6,21.0,5.0,3.0,60.0,7.0,50.0,50.0
Nathan Redmond,Norwich City,5.0,0.0,2.0,238.0,168.0,70.6,117.0,20.0,15.0,75.0,33.0,0.0,40.0
Nathaniel Edwin Clyne,Liverpool,11.0,0.0,1.0,732.0,583.0,79.6,177.0,9.0,6.0,66.7,63.0,0.0,9.1
Neil Taylor,Swansea City,0.0,0.0,0.0,254.0,204.0,80.3,53.0,7.0,5.0,71.4,16.0,0.0,0.0
Nemanja Matić,Chelsea,17.0,0.0,4.0,653.0,561.0,85.9,217.0,12.0,11.0,91.7,79.0,0.0,23.5
Nick Powell,Manchester United,0.0,0.0,0.0,2.0,1.0,50.0,1.0,0.0,0.0,0.0,0.0,0.0,0.0
Nicolás Hernán Otamendi,Manchester City,13.0,1.0,5.0,517.0,437.0,84.5,121.0,2.0,2.0,100.0,35.0,7.7,38.5
Nikica Jelavić,West Ham United,0.0,0.0,0.0,6.0,4.0,66.7,1.0,0.0,0.0,0.0,2.0,0.0,0.0
Nordin Amrabat,Watford,1.0,0.0,0.0,5.0,2.0,40.0,1.0,2.0,1.0,50.0,2.0,0.0,0.0
Odion Jude Ighalo,Watford,15.0,2.0,7.0,77.0,54.0,70.1,64.0,10.0,7.0,70.0,18.0,13.3,46.7
Ola Toivonen,Sunderland,3.0,0.0,1.0,85.0,61.0,71.8,40.0,1.0,1.0,100.0,8.0,0.0,33.3
Olivier Giroud,Arsenal,34.0,10.0,17.0,272.0,187.0,68.8,161.0,8.0,3.0,37.5,22.0,29.4,50.0
Oluwaseyi Babajide Ojo,Liverpool,3.0,0.0,1.0,27.0,19.0,70.4,24.0,3.0,0.0,0.0,4.0,0.0,33.3
Oriol Romeu Vidal,Southampton,4.0,0.0,1.0,90.0,71.0,78.9,47.0,1.0,1.0,100.0,6.0,0.0,25.0
Osazemwinde Peter Odemwingie,Stoke City,0.0,0.0,0.0,9.0,4.0,44.4,4.0,0.0,0.0,0.0,1.0,0.0,0.0
Oscar dos Santos Emboaba Júnior,Chelsea,22.0,1.0,6.0,399.0,319.0,79.9,182.0,36.0,20.0,55.6,49.0,4.5,27.3
Pablo Javier Zabaleta Girod,Manchester City,0.0,0.0,0.0,72.0,63.0,87.5,14.0,0.0,0.0,0.0,2.0,0.0,0.0
Paddy McNair,Manchester United,3.0,0.0,1.0,295.0,235.0,79.7,60.0,3.0,1.0,33.3,31.0,0.0,33.3
Pape N''Diaye Souaré,Crystal Palace,0.0,0.0,0.0,79.0,58.0,73.4,11.0,1.0,1.0,100.0,8.0,0.0,0.0
Papiss Demba Cissé,Newcastle United,2.0,0.0,0.0,45.0,38.0,84.4,22.0,3.0,1.0,33.3,4.0,0.0,0.0
Patrick Bamford,Norwich City,1.0,0.0,0.0,3.0,2.0,66.7,6.0,0.0,0.0,0.0,1.0,0.0,0.0
Patrick van Aanholt,Sunderland,9.0,0.0,1.0,287.0,204.0,71.1,67.0,21.0,15.0,71.4,39.0,0.0,11.1
Paul Dummett,Newcastle United,1.0,1.0,1.0,143.0,105.0,73.4,40.0,0.0,0.0,0.0,7.0,100.0,100.0
Paulo Dino Gazzaniga,Southampton,0.0,0.0,0.0,36.0,29.0,80.6,0.0,0.0,0.0,0.0,7.0,0.0,0.0
Pedro Eliezer Rodríguez Ledesma,Chelsea,35.0,1.0,8.0,483.0,378.0,78.3,200.0,52.0,30.0,57.7,89.0,2.9,22.9
Pedro Mba Obiang Avomo,West Ham United,0.0,0.0,0.0,66.0,49.0,74.2,44.0,2.0,2.0,100.0,12.0,0.0,0.0
Per Mertesacker,Arsenal,0.0,0.0,0.0,524.0,473.0,90.3,36.0,1.0,1.0,100.0,24.0,0.0,0.0
Peter Crouch,Stoke City,0.0,0.0,0.0,46.0,30.0,65.2,21.0,0.0,0.0,0.0,4.0,0.0,0.0
Petr Čech,Arsenal,0.0,0.0,0.0,429.0,255.0,59.4,3.0,1.0,1.0,100.0,64.0,0.0,0.0
Phil Bardsley,Stoke City,1.0,0.0,0.0,29.0,23.0,79.3,9.0,1.0,0.0,0.0,2.0,0.0,0.0
Phil Jagielka,Everton,4.0,0.0,1.0,206.0,171.0,83.0,33.0,2.0,1.0,50.0,23.0,0.0,25.0
Phil Jones,Manchester United,1.0,0.0,0.0,378.0,322.0,85.2,63.0,1.0,0.0,0.0,33.0,0.0,0.0
Philipp Wollscheid,Stoke City,0.0,0.0,0.0,107.0,85.0,79.4,41.0,3.0,3.0,100.0,14.0,0.0,0.0
Philippe Coutinho Correia,Liverpool,41.0,2.0,14.0,389.0,297.0,76.3,117.0,35.0,17.0,48.6,51.0,4.9,34.1
Radamel Falcao García Zárate,Chelsea,6.0,1.0,2.0,52.0,40.0,76.9,27.0,4.0,2.0,50.0,4.0,16.7,33.3
Raheem Sterling,Manchester City,17.0,1.0,8.0,314.0,257.0,81.8,115.0,24.0,14.0,58.3,46.0,5.9,47.1
Ramires Santos do Nascimento,Chelsea,8.0,2.0,4.0,209.0,163.0,78.0,107.0,11.0,6.0,54.5,26.0,25.0,50.0
Reece Oxford,West Ham United,0.0,0.0,0.0,2.0,0.0,0.0,0.0,0.0,0.0,0.0,1.0,0.0,0.0
Rhu-endly Martina,Southampton,1.0,1.0,1.0,55.0,37.0,67.3,18.0,1.0,0.0,0.0,4.0,100.0,100.0
Rickie Lambert,West Bromwich Albion,4.0,1.0,2.0,49.0,35.0,71.4,13.0,0.0,0.0,0.0,4.0,25.0,50.0
Ritchie De Laet,Leicester City,2.0,1.0,1.0,223.0,147.0,65.9,68.0,10.0,2.0,20.0,21.0,50.0,50.0
Riyad Mahrez,Leicester City,32.0,8.0,17.0,471.0,327.0,69.4,249.0,94.0,57.0,60.6,88.0,25.0,53.1
Rob Elliot,Newcastle United,0.0,0.0,0.0,89.0,51.0,57.3,1.0,0.0,0.0,0.0,10.0,0.0,0.0
Robert Brady,Norwich City,8.0,0.0,3.0,305.0,185.0,60.7,139.0,15.0,11.0,73.3,30.0,0.0,37.5
Robert Huth,Leicester City,6.0,0.0,1.0,314.0,238.0,75.8,90.0,3.0,3.0,100.0,34.0,0.0,16.7
Robert Kenedy Nunes do Nascimento,Chelsea,3.0,0.0,1.0,129.0,112.0,86.8,36.0,15.0,8.0,53.3,24.0,0.0,33.3
Roberto Firmino Barbosa de Oliveira,Liverpool,21.0,0.0,5.0,392.0,297.0,75.8,229.0,37.0,20.0,54.1,41.0,0.0,23.8
Romelu Lukaku Menama,Everton,18.0,2.0,4.0,146.0,106.0,72.6,54.0,9.0,5.0,55.6,16.0,11.1,22.2
Ross Barkley,Everton,15.0,1.0,6.0,252.0,194.0,77.0,70.0,30.0,20.0,66.7,35.0,6.7,40.0
Ruben Loftus-Cheek,Chelsea,1.0,0.0,0.0,25.0,19.0,76.0,22.0,4.0,2.0,50.0,5.0,0.0,0.0
Rudy Gestede,Aston Villa,14.0,0.0,1.0,114.0,64.0,56.1,33.0,1.0,1.0,100.0,8.0,0.0,7.1
Russell Martin,Norwich City,1.0,1.0,1.0,181.0,120.0,66.3,48.0,4.0,0.0,0.0,19.0,100.0,100.0
Ryan Bennett,Norwich City,1.0,0.0,0.0,163.0,117.0,71.8,34.0,0.0,0.0,0.0,8.0,0.0,0.0
Ryan Bertrand,Southampton,1.0,0.0,1.0,200.0,148.0,74.0,60.0,7.0,5.0,71.4,13.0,0.0,100.0
Ryan Mason,Tottenham Hotspur,4.0,1.0,3.0,163.0,131.0,80.4,49.0,7.0,6.0,85.7,14.0,25.0,75.0
Ryan Shawcross,Stoke City,0.0,0.0,0.0,65.0,42.0,64.6,25.0,0.0,0.0,0.0,4.0,0.0,0.0
Sadio Mané,Southampton,14.0,1.0,7.0,181.0,151.0,83.4,120.0,29.0,18.0,62.1,50.0,7.1,50.0
Saido Berahino,West Bromwich Albion,4.0,0.0,0.0,78.0,65.0,83.3,40.0,5.0,4.0,80.0,11.0,0.0,0.0
Sam Field,West Bromwich Albion,0.0,0.0,0.0,2.0,1.0,50.0,0.0,0.0,0.0,0.0,1.0,0.0,0.0
Samir Nasri,Manchester City,1.0,0.0,0.0,30.0,28.0,93.3,0.0,2.0,2.0,100.0,1.0,0.0,0.0
Sandro Ranieri Guimarães Cordeiro,West Bromwich Albion,0.0,0.0,0.0,4.0,3.0,75.0,0.0,0.0,0.0,0.0,1.0,0.0,0.0
Santiago Cazorla González,Arsenal,12.0,0.0,1.0,814.0,697.0,85.6,145.0,29.0,22.0,75.9,89.0,0.0,8.3
Scott Dann,Crystal Palace,2.0,0.0,1.0,69.0,54.0,78.3,13.0,0.0,0.0,0.0,9.0,0.0,50.0
Scott Sinclair,Aston Villa,6.0,0.0,2.0,110.0,89.0,80.9,65.0,20.0,10.0,50.0,18.0,0.0,33.3
Sebastian Larsson,Sunderland,0.0,0.0,0.0,13.0,12.0,92.3,5.0,0.0,0.0,0.0,2.0,0.0,0.0
Sebastian Prödl,Watford,3.0,0.0,0.0,38.0,26.0,68.4,5.0,0.0,0.0,0.0,5.0,0.0,0.0
Sebastián Coates Nión,Sunderland,2.0,0.0,1.0,75.0,43.0,57.3,30.0,4.0,3.0,75.0,12.0,0.0,50.0
Segundo Víctor Ibarbo Guerrero,Watford,0.0,0.0,0.0,9.0,5.0,55.6,6.0,1.0,1.0,100.0,2.0,0.0,0.0
Sergi Canós Tenes,Liverpool,0.0,0.0,0.0,4.0,3.0,75.0,2.0,0.0,0.0,0.0,0.0,0.0,0.0
Sergio Germán Romero,Manchester United,0.0,0.0,0.0,182.0,117.0,64.3,2.0,0.0,0.0,0.0,33.0,0.0,0.0
Sergio Leonel Agüero del Castillo,Manchester City,28.0,5.0,10.0,118.0,104.0,88.1,39.0,20.0,12.0,60.0,21.0,17.9,35.7
Shane Long,Southampton,9.0,3.0,5.0,90.0,53.0,58.9,56.0,1.0,0.0,0.0,14.0,33.3,55.6
Shinji Okazaki,Leicester City,10.0,2.0,2.0,135.0,102.0,75.6,165.0,15.0,7.0,46.7,29.0,20.0,20.0
Siem Stefan de Jong,Newcastle United,0.0,0.0,0.0,37.0,29.0,78.4,23.0,1.0,0.0,0.0,7.0,0.0,0.0
Simon Francis,AFC Bournemouth,2.0,0.0,1.0,310.0,231.0,74.5,67.0,4.0,3.0,75.0,11.0,0.0,50.0
Simon Mignolet,Liverpool,0.0,0.0,0.0,326.0,226.0,69.3,0.0,1.0,1.0,100.0,51.0,0.0,0.0
Stephen Ireland,Stoke City,0.0,0.0,0.0,32.0,26.0,81.2,14.0,2.0,2.0,100.0,2.0,0.0,0.0
Steve Cook,AFC Bournemouth,4.0,0.0,0.0,252.0,196.0,77.8,23.0,0.0,0.0,0.0,14.0,0.0,0.0
Steven Berghuis,Watford,0.0,0.0,0.0,6.0,3.0,50.0,8.0,0.0,0.0,0.0,2.0,0.0,0.0
Steven Caulker,Liverpool,0.0,0.0,0.0,1.0,1.0,100.0,0.0,0.0,0.0,0.0,0.0,0.0,0.0
Steven Caulker,Southampton,0.0,0.0,0.0,25.0,20.0,80.0,2.0,1.0,1.0,100.0,2.0,0.0,0.0
Steven Davis,Southampton,4.0,1.0,1.0,179.0,144.0,80.4,90.0,4.0,3.0,75.0,37.0,25.0,25.0
Steven Fletcher,Sunderland,5.0,0.0,2.0,51.0,27.0,52.9,16.0,6.0,3.0,50.0,3.0,0.0,40.0
Steven Naismith,Everton,2.0,0.0,1.0,52.0,35.0,67.3,25.0,4.0,2.0,50.0,8.0,0.0,50.0
Steven Naismith,Norwich City,0.0,0.0,0.0,24.0,20.0,83.3,23.0,0.0,0.0,0.0,2.0,0.0,0.0
Steven Taylor,Newcastle United,0.0,0.0,0.0,27.0,23.0,85.2,1.0,0.0,0.0,0.0,3.0,0.0,0.0
Steven Whittaker,Norwich City,1.0,0.0,0.0,56.0,34.0,60.7,12.0,0.0,0.0,0.0,5.0,0.0,0.0
Stéphane Sessègnon,West Bromwich Albion,2.0,0.0,1.0,87.0,58.0,66.7,25.0,8.0,2.0,25.0,14.0,0.0,50.0
Sung-Yeung Ki,Swansea City,5.0,0.0,0.0,292.0,267.0,91.4,74.0,3.0,1.0,33.3,34.0,0.0,0.0
Sylvain Distin,AFC Bournemouth,0.0,0.0,0.0,3.0,1.0,33.3,2.0,0.0,0.0,0.0,0.0,0.0,0.0
Séamus Coleman,Everton,2.0,0.0,1.0,208.0,156.0,75.0,50.0,13.0,11.0,84.6,32.0,0.0,50.0
Sébastien Aymar Bassong Nguena,Norwich City,4.0,0.0,0.0,176.0,125.0,71.0,59.0,3.0,3.0,100.0,23.0,0.0,0.0
Sébastien Pocognoli,West Bromwich Albion,0.0,0.0,0.0,30.0,19.0,63.3,2.0,0.0,0.0,0.0,0.0,0.0,0.0
Tammy Bakumo-Abraham,Chelsea,0.0,0.0,0.0,5.0,4.0,80.0,6.0,2.0,1.0,50.0,0.0,0.0,0.0
Tetchi Jores Charlemagne Ulrich Okore,Aston Villa,0.0,0.0,0.0,66.0,51.0,77.3,26.0,1.0,1.0,100.0,10.0,0.0,0.0
Theo Walcott,Arsenal,20.0,2.0,9.0,145.0,109.0,75.2,71.0,17.0,5.0,29.4,20.0,10.0,45.0
Thibaut Courtois,Chelsea,0.0,0.0,0.0,143.0,77.0,53.8,0.0,0.0,0.0,0.0,24.0,0.0,0.0
Tim Howard,Everton,0.0,0.0,0.0,137.0,104.0,75.9,2.0,0.0,0.0,0.0,23.0,0.0,0.0
Timm Klose,Norwich City,0.0,0.0,0.0,30.0,16.0,53.3,11.0,0.0,0.0,0.0,2.0,0.0,0.0
Timothy Evans Fosu-Mensah,Manchester United,2.0,0.0,0.0,144.0,102.0,70.8,45.0,3.0,2.0,66.7,8.0,0.0,0.0
Timothy Michael Krul,Newcastle United,0.0,0.0,0.0,107.0,48.0,44.9,3.0,0.0,0.0,0.0,8.0,0.0,0.0
Toby Alderweireld,Tottenham Hotspur,9.0,1.0,4.0,668.0,547.0,81.9,82.0,7.0,4.0,57.1,39.0,11.1,44.4
Tom Carroll,Tottenham Hotspur,2.0,1.0,2.0,52.0,45.0,86.5,26.0,1.0,1.0,100.0,4.0,50.0,100.0
Tom Cleverley,Everton,2.0,0.0,0.0,97.0,72.0,74.2,47.0,0.0,0.0,0.0,9.0,0.0,0.0
Tommy Elphick,AFC Bournemouth,0.0,0.0,0.0,86.0,65.0,75.6,6.0,0.0,0.0,0.0,6.0,0.0,0.0
Troy Deeney,Watford,6.0,1.0,4.0,149.0,83.0,55.7,81.0,6.0,2.0,33.3,22.0,16.7,66.7
Tyler Roberts,West Bromwich Albion,1.0,0.0,0.0,8.0,4.0,50.0,6.0,2.0,2.0,100.0,6.0,0.0,0.0
Tyrone Mings,AFC Bournemouth,0.0,0.0,0.0,2.0,2.0,100.0,1.0,0.0,0.0,0.0,2.0,0.0,0.0
Vadis Odjidja-Ofoe,Norwich City,2.0,0.0,1.0,41.0,34.0,82.9,18.0,1.0,1.0,100.0,6.0,0.0,50.0
Valon Behrami,Watford,0.0,0.0,0.0,32.0,25.0,78.1,27.0,0.0,0.0,0.0,10.0,0.0,0.0
Victor Chinedu Anichebe,West Bromwich Albion,1.0,0.0,1.0,3.0,1.0,33.3,3.0,1.0,1.0,100.0,0.0,0.0,100.0
Victor Moses,West Ham United,3.0,1.0,2.0,14.0,11.0,78.6,14.0,8.0,5.0,62.5,4.0,33.3,66.7
Victor Wanyama,Southampton,6.0,0.0,3.0,281.0,226.0,80.4,146.0,10.0,8.0,80.0,46.0,0.0,50.0
Vincent Kompany,Manchester City,2.0,1.0,1.0,224.0,187.0,83.5,26.0,5.0,4.0,80.0,19.0,50.0,50.0
Virgil van Dijk,Southampton,1.0,0.0,0.0,203.0,165.0,81.3,51.0,3.0,3.0,100.0,23.0,0.0,0.0
Vito Mannone,Sunderland,0.0,0.0,0.0,99.0,45.0,45.5,0.0,0.0,0.0,0.0,13.0,0.0,0.0
Vurnon Anita,Newcastle United,1.0,0.0,0.0,202.0,163.0,80.7,133.0,2.0,2.0,100.0,33.0,0.0,0.0
Wahbi Khazri,Sunderland,5.0,1.0,2.0,22.0,15.0,68.2,30.0,1.0,0.0,0.0,3.0,20.0,40.0
Wayne Hennessey,Crystal Palace,0.0,0.0,0.0,34.0,25.0,73.5,1.0,0.0,0.0,0.0,8.0,0.0,0.0
Wayne Mark Rooney,Manchester United,79.0,8.0,26.0,1343.0,1057.0,78.7,333.0,58.0,36.0,62.1,127.0,10.1,32.9
Wayne Routledge,Swansea City,2.0,0.0,1.0,112.0,79.0,70.5,43.0,9.0,6.0,66.7,14.0,0.0,50.0
Wes Brown,Sunderland,0.0,0.0,0.0,29.0,17.0,58.6,7.0,0.0,0.0,0.0,8.0,0.0,0.0
Wes Hoolahan,Norwich City,2.0,0.0,1.0,137.0,113.0,82.5,90.0,6.0,3.0,50.0,25.0,0.0,50.0
Wes Morgan,Leicester City,7.0,1.0,2.0,339.0,259.0,76.4,98.0,5.0,5.0,100.0,40.0,14.3,28.6
Wilfredo Daniel Caballero,Manchester City,0.0,0.0,0.0,30.0,16.0,53.3,0.0,0.0,0.0,0.0,5.0,0.0,0.0
Wilfried Guemiand Bony,Manchester City,37.0,1.0,6.0,202.0,160.0,79.2,45.0,16.0,9.0,56.2,27.0,2.7,16.2
Wilfried Zaha,Crystal Palace,1.0,0.0,0.0,56.0,37.0,66.1,51.0,27.0,16.0,59.3,19.0,0.0,0.0
Will Keane,Manchester United,0.0,0.0,0.0,0.0,0.0,0.0,6.0,0.0,0.0,0.0,0.0,0.0,0.0
Willian Borges da Silva,Chelsea,16.0,2.0,7.0,624.0,458.0,73.4,176.0,41.0,27.0,65.9,75.0,12.5,43.8
Winston Reid,West Ham United,4.0,1.0,1.0,91.0,64.0,70.3,40.0,1.0,1.0,100.0,11.0,25.0,25.0
Xherdan Shaqiri,Stoke City,4.0,0.0,2.0,108.0,79.0,73.1,33.0,23.0,14.0,60.9,21.0,0.0,50.0
Yann Gérard M''Vila,Sunderland,4.0,0.0,0.0,245.0,182.0,74.3,109.0,3.0,3.0,100.0,33.0,0.0,0.0
Yann Gérard M'Vila,Sunderland,2.0,0.0,0.0,45.0,34.0,75.6,8.0,0.0,0.0,0.0,7.0,0.0,0.0
Yannick Bolasie Yala,Crystal Palace,6.0,0.0,0.0,32.0,22.0,68.8,16.0,4.0,3.0,75.0,8.0,0.0,0.0
Yoan Gouffran,Newcastle United,0.0,0.0,0.0,36.0,24.0,66.7,25.0,0.0,0.0,0.0,3.0,0.0,0.0
Yohan Benalouane,Leicester City,0.0,0.0,0.0,5.0,4.0,80.0,3.0,0.0,0.0,0.0,0.0,0.0,0.0
Yohan Cabaye,Crystal Palace,4.0,0.0,1.0,111.0,91.0,82.0,49.0,5.0,3.0,60.0,14.0,0.0,25.0
Younes Kaboul,Sunderland,1.0,0.0,1.0,128.0,84.0,65.6,66.0,3.0,3.0,100.0,16.0,0.0,100.0
Youssouf Chafiq Mulumbu Ngangu,Norwich City,1.0,0.0,1.0,92.0,83.0,90.2,60.0,6.0,4.0,66.7,22.0,0.0,100.0
Àngel Rangel Zaragoza,Swansea City,0.0,0.0,0.0,138.0,100.0,72.5,25.0,2.0,2.0,100.0,12.0,0.0,0.0
Ádám Bogdán,Liverpool,0.0,0.0,0.0,49.0,25.0,51.0,0.0,0.0,0.0,0.0,8.0,0.0,0.0
Éderzito António Macedo Lopes,Swansea City,2.0,0.0,0.0,23.0,14.0,60.9,16.0,3.0,2.0,66.7,1.0,0.0,0.0
Łukasz Fabiański,Swansea City,1.0,0.0,0.0,207.0,134.0,64.7,3.0,0.0,0.0,0.0,31.0,0.0,0.0
